packet_length,inter_arrival_time,ttl,is_tcp,is_udp,is_icmp,src_port,dst_port,syn_flag,ack_flag,fin_flag,rst_flag,is_well_known_port
60,0.0,0,0,0,0,0,0,0,0,0,0,0
1514,0.098813,100,1,0,0,443,62665,0,1,0,0,0
1514,0.0,100,1,0,0,443,62665,0,1,0,0,0
1514,0.0,100,1,0,0,443,62665,0,1,0,0,0
165,0.0,100,1,0,0,443,62665,0,1,0,0,0
54,8.5e-05,128,1,0,0,62665,443,0,1,0,0,0
1494,0.002697,128,1,0,0,62665,443,0,1,0,0,0
711,0.0,128,1,0,0,62665,443,0,1,0,0,0
609,0.087291,60,0,1,0,443,65182,0,0,0,0,0
78,0.03381,128,0,1,0,65182,443,0,0,0,0,0
69,0.034752,60,0,1,0,443,65182,0,0,0,0,0
75,0.00025,128,0,1,0,65182,443,0,0,0,0,0
54,0.076997,100,1,0,0,443,62665,0,1,0,0,0
157,0.001148,100,1,0,0,443,62665,0,1,0,0,0
519,0.005046,100,1,0,0,443,62665,0,1,1,0,0
54,4.7e-05,128,1,0,0,62665,443,0,1,0,0,0
78,0.000289,128,1,0,0,62665,443,0,1,0,0,0
54,7.9e-05,128,1,0,0,62665,443,0,1,1,0,0
54,0.219098,100,1,0,0,443,62665,0,1,0,0,0
60,0.463699,0,0,0,0,0,0,0,0,0,0,0
1292,1.034005,128,0,1,0,52307,443,0,0,0,0,0
292,0.000239,128,1,0,0,52972,443,0,1,0,0,0
1292,0.03116,60,0,1,0,443,52307,0,0,0,0,0
137,0.000277,128,0,1,0,52307,443,0,0,0,0,0
54,0.001044,57,1,0,0,443,52972,0,1,0,0,0
67,0.023809,60,0,1,0,443,52307,0,0,0,0,0
74,0.000127,128,0,1,0,52307,443,0,0,0,0,0
65,0.006659,60,0,1,0,443,52307,0,0,0,0,0
573,0.0,60,0,1,0,443,52307,0,0,0,0,0
76,0.000113,128,0,1,0,52307,443,0,0,0,0,0
76,5.4e-05,128,0,1,0,52307,443,0,0,0,0,0
627,0.040138,60,0,1,0,443,52307,0,0,0,0,0
83,0.000385,128,0,1,0,52307,443,0,0,0,0,0
120,0.000296,60,0,1,0,443,56461,0,0,0,0,0
76,0.000319,128,0,1,0,56461,443,0,0,0,0,0
71,0.030747,60,0,1,0,443,52307,0,0,0,0,0
85,0.000216,128,0,1,0,52307,443,0,0,0,0,0
67,0.055605,60,0,1,0,443,52307,0,0,0,0,0
226,0.220943,57,1,0,0,443,52972,0,1,0,0,0
185,0.0,57,1,0,0,443,52972,0,1,0,0,0
54,0.000106,128,1,0,0,52972,443,0,1,0,0,0
89,0.000965,128,1,0,0,52972,443,0,1,0,0,0
54,0.031675,57,1,0,0,443,52972,0,1,0,0,0
60,1.49067,0,0,0,0,0,0,0,0,0,0,0
60,1.023976,0,0,0,0,0,0,0,0,0,0,0
92,0.743875,128,0,1,0,63387,53,0,0,0,0,0
215,0.030211,57,0,1,0,53,63387,0,0,0,0,0
66,0.000868,128,1,0,0,62666,443,1,0,0,0,0
66,0.216998,101,1,0,0,443,62666,1,1,0,0,0
54,9.2e-05,128,1,0,0,62666,443,0,1,0,0,0
571,0.000231,128,1,0,0,62666,443,0,1,0,0,0
60,0.031556,0,0,0,0,0,0,0,0,0,0,0
153,0.212981,101,1,0,0,443,62666,0,1,0,0,0
491,0.0008,128,1,0,0,62666,443,0,1,0,0,0
1514,0.23706,101,1,0,0,443,62666,0,1,0,0,0
1514,0.0,101,1,0,0,443,62666,0,1,0,0,0
1514,0.0,101,1,0,0,443,62666,0,1,0,0,0
165,0.0,101,1,0,0,443,62666,0,1,0,0,0
54,7.9e-05,128,1,0,0,62666,443,0,1,0,0,0
1494,0.001492,128,1,0,0,62666,443,0,1,0,0,0
1494,0.0,128,1,0,0,62666,443,0,1,0,0,0
841,0.0,128,1,0,0,62666,443,0,1,0,0,0
54,0.217825,101,1,0,0,443,62666,0,1,0,0,0
157,0.003112,101,1,0,0,443,62666,0,1,0,0,0
54,0.053452,128,1,0,0,62666,443,0,1,0,0,0
519,0.810459,101,1,0,0,443,62666,0,1,1,0,0
54,0.000117,128,1,0,0,62666,443,0,1,0,0,0
78,0.000381,128,1,0,0,62666,443,0,1,0,0,0
54,7.9e-05,128,1,0,0,62666,443,0,1,1,0,0
54,0.216353,101,1,0,0,443,62666,0,1,0,0,0
71,0.045406,128,0,1,0,56907,443,0,0,0,0,0
72,0.052302,60,0,1,0,443,56907,0,0,0,0,0
55,1.108095,128,1,0,0,54447,443,0,1,0,0,0
66,0.216496,100,1,0,0,443,54447,0,1,0,0,0
55,0.108205,128,1,0,0,56941,5228,0,1,0,0,0
66,0.060531,123,1,0,0,5228,56941,0,1,0,0,0
79,0.128792,128,0,1,0,60504,53,0,0,0,0,0
79,0.000236,128,0,1,0,52854,53,0,0,0,0,0
276,0.032621,57,0,1,0,53,60504,0,0,0,0,0
343,0.002329,57,0,1,0,53,52854,0,0,0,0,0
66,0.000602,128,1,0,0,58328,443,1,0,0,0,0
66,0.021928,50,1,0,0,443,58328,1,1,0,0,0
54,7.7e-05,128,1,0,0,58328,443,0,1,0,0,0
1494,0.000513,128,1,0,0,58328,443,0,1,0,0,0
710,0.0,128,1,0,0,58328,443,0,1,0,0,0
54,0.02414,50,1,0,0,443,58328,0,1,0,0,0
153,0.0,50,1,0,0,443,58328,0,1,0,0,0
964,0.000326,128,1,0,0,58328,443,0,1,0,0,0
1514,0.023673,50,1,0,0,443,58328,0,1,0,0,0
1514,0.0,50,1,0,0,443,58328,0,1,0,0,0
1230,0.0,50,1,0,0,443,58328,0,1,0,0,0
54,9.6e-05,128,1,0,0,58328,443,0,1,0,0,0
1514,0.001374,50,1,0,0,443,58328,0,1,0,0,0
1491,0.0,50,1,0,0,443,58328,0,1,0,0,0
54,4.5e-05,128,1,0,0,58328,443,0,1,0,0,0
128,0.000201,128,1,0,0,58328,443,0,1,0,0,0
146,0.000127,128,1,0,0,58328,443,0,1,0,0,0
327,0.000123,128,1,0,0,58328,443,0,1,0,0,0
54,0.022521,50,1,0,0,443,58328,0,1,0,0,0
341,0.0,50,1,0,0,443,58328,0,1,0,0,0
341,0.0,50,1,0,0,443,58328,0,1,0,0,0
125,0.0,50,1,0,0,443,58328,0,1,0,0,0
54,0.000117,128,1,0,0,58328,443,0,1,0,0,0
85,0.000147,128,1,0,0,58328,443,0,1,0,0,0
1514,0.004618,50,1,0,0,443,58328,0,1,0,0,0
1514,0.0,50,1,0,0,443,58328,0,1,0,0,0
1514,0.0,50,1,0,0,443,58328,0,1,0,0,0
1514,0.0,50,1,0,0,443,58328,0,1,0,0,0
1514,0.0,50,1,0,0,443,58328,0,1,0,0,0
1514,0.0,50,1,0,0,443,58328,0,1,0,0,0
54,7.4e-05,128,1,0,0,58328,443,0,1,0,0,0
1514,0.001964,50,1,0,0,443,58328,0,1,0,0,0
1514,0.0,50,1,0,0,443,58328,0,1,0,0,0
54,4.3e-05,128,1,0,0,58328,443,0,1,0,0,0
1514,0.005145,50,1,0,0,443,58328,0,1,0,0,0
1514,0.0,50,1,0,0,443,58328,0,1,0,0,0
1514,0.0,50,1,0,0,443,58328,0,1,0,0,0
1514,0.0,50,1,0,0,443,58328,0,1,0,0,0
1514,0.0,50,1,0,0,443,58328,0,1,0,0,0
54,8.8e-05,128,1,0,0,58328,443,0,1,0,0,0
1514,0.011338,50,1,0,0,443,58328,0,1,0,0,0
1514,0.0,50,1,0,0,443,58328,0,1,0,0,0
1514,0.0,50,1,0,0,443,58328,0,1,0,0,0
1514,0.0,50,1,0,0,443,58328,0,1,0,0,0
1514,0.0,50,1,0,0,443,58328,0,1,0,0,0
1514,0.0,50,1,0,0,443,58328,0,1,0,0,0
54,0.000124,128,1,0,0,58328,443,0,1,0,0,0
1514,0.005487,50,1,0,0,443,58328,0,1,0,0,0
1514,0.0,50,1,0,0,443,58328,0,1,0,0,0
1514,0.0,50,1,0,0,443,58328,0,1,0,0,0
1514,0.0,50,1,0,0,443,58328,0,1,0,0,0
1514,0.0,50,1,0,0,443,58328,0,1,0,0,0
1514,0.0,50,1,0,0,443,58328,0,1,0,0,0
54,7.7e-05,128,1,0,0,58328,443,0,1,0,0,0
1514,0.001519,50,1,0,0,443,58328,0,1,0,0,0
1514,0.0,50,1,0,0,443,58328,0,1,0,0,0
54,4.8e-05,128,1,0,0,58328,443,0,1,0,0,0
1514,0.002985,50,1,0,0,443,58328,0,1,0,0,0
1514,0.0,50,1,0,0,443,58328,0,1,0,0,0
1514,0.0,50,1,0,0,443,58328,0,1,0,0,0
54,4.7e-05,128,1,0,0,58328,443,0,1,0,0,0
1514,0.001737,50,1,0,0,443,58328,0,1,0,0,0
1514,0.0,50,1,0,0,443,58328,0,1,0,0,0
1514,0.0,50,1,0,0,443,58328,0,1,0,0,0
1514,0.0,50,1,0,0,443,58328,0,1,0,0,0
54,4.8e-05,128,1,0,0,58328,443,0,1,0,0,0
1514,0.002319,50,1,0,0,443,58328,0,1,0,0,0
1514,0.0,50,1,0,0,443,58328,0,1,0,0,0
54,4.6e-05,128,1,0,0,58328,443,0,1,0,0,0
1514,0.000923,50,1,0,0,443,58328,0,1,0,0,0
1514,0.0,50,1,0,0,443,58328,0,1,0,0,0
54,4.4e-05,128,1,0,0,58328,443,0,1,0,0,0
1514,0.004105,50,1,0,0,443,58328,0,1,0,0,0
1514,0.0,50,1,0,0,443,58328,0,1,0,0,0
1514,0.0,50,1,0,0,443,58328,0,1,0,0,0
1514,0.0,50,1,0,0,443,58328,0,1,0,0,0
1514,0.0,50,1,0,0,443,58328,0,1,0,0,0
1350,0.0,50,1,0,0,443,58328,0,1,0,0,0
54,0.000123,128,1,0,0,58328,443,0,1,0,0,0
127,1.089457,123,1,0,0,443,54288,0,1,0,0,0
80,0.002811,47,1,0,0,443,51559,0,1,0,0,0
84,0.000162,128,1,0,0,51559,443,0,1,0,0,0
54,0.046019,128,1,0,0,54288,443,0,1,0,0,0
54,0.293045,47,1,0,0,443,51559,0,1,0,0,0
60,0.962546,0,0,0,0,0,0,0,0,0,0,0
60,1.023773,0,0,0,0,0,0,0,0,0,0,0
55,0.756928,128,1,0,0,62644,443,0,1,0,0,0
84,0.062305,1,0,1,0,5353,5353,0,0,0,0,0
84,0.000328,1,0,1,0,5353,5353,0,0,0,0,0
359,0.000467,1,0,1,0,5353,5353,0,0,0,0,0
359,0.000178,1,0,1,0,5353,5353,0,0,0,0,0
119,0.204142,255,0,1,0,5353,5353,0,0,0,0,0
139,0.000294,0,0,1,0,5353,5353,0,0,0,0,0
60,0.000249,0,0,0,0,0,0,0,0,0,0,0
437,0.000339,255,0,1,0,5353,5353,0,0,0,0,0
457,0.000954,0,0,1,0,5353,5353,0,0,0,0,0
94,0.969262,128,0,1,0,63387,53,0,0,0,0,0
94,0.031239,128,0,1,0,63387,53,0,0,0,0,0
126,0.025548,57,0,1,0,53,63387,0,0,0,0,0
126,0.005181,122,0,1,0,53,63387,0,0,0,0,0
110,0.616486,123,1,0,0,443,54288,0,1,0,0,0
54,0.0,123,1,0,0,443,54288,0,1,1,0,0
54,7.6e-05,128,1,0,0,54288,443,0,1,0,0,0
90,0.603137,0,0,0,0,0,0,0,0,0,0,0
71,0.77941,128,0,1,0,56461,443,0,0,0,0,0
67,0.051558,60,0,1,0,443,56461,0,0,0,0,0
90,0.090366,0,0,0,0,0,0,0,0,0,0,0
718,2.356022,0,0,1,0,61387,3702,0,0,0,0,0
698,0.000882,1,0,1,0,61386,3702,0,0,0,0,0
718,0.008887,0,0,1,0,61387,3702,0,0,0,0,0
698,0.000107,1,0,1,0,61386,3702,0,0,0,0,0
718,0.092452,0,0,1,0,61387,3702,0,0,0,0,0
698,0.001104,1,0,1,0,61386,3702,0,0,0,0,0
698,0.000949,1,0,1,0,61386,3702,0,0,0,0,0
718,0.10067,0,0,1,0,61387,3702,0,0,0,0,0
718,0.102681,0,0,1,0,61387,3702,0,0,0,0,0
698,0.102136,1,0,1,0,61386,3702,0,0,0,0,0
698,0.001567,1,0,1,0,61386,3702,0,0,0,0,0
718,0.30526,0,0,1,0,61387,3702,0,0,0,0,0
718,0.205815,0,0,1,0,61387,3702,0,0,0,0,0
698,0.203877,1,0,1,0,61386,3702,0,0,0,0,0
698,0.002728,1,0,1,0,61386,3702,0,0,0,0,0
92,0.247736,128,0,1,0,49873,53,0,0,0,0,0
92,0.000349,128,0,1,0,57695,53,0,0,0,0,0
173,0.000201,128,1,0,0,54447,443,0,1,0,0,0
93,7e-05,128,1,0,0,54447,443,0,1,0,0,0
1494,6.2e-05,128,1,0,0,54447,443,0,1,0,0,0
1494,0.0,128,1,0,0,54447,443,0,1,0,0,0
1494,0.0,128,1,0,0,54447,443,0,1,0,0,0
1494,0.0,128,1,0,0,54447,443,0,1,0,0,0
1494,0.0,128,1,0,0,54447,443,0,1,0,0,0
1494,0.0,128,1,0,0,54447,443,0,1,0,0,0
1494,0.0,128,1,0,0,54447,443,0,1,0,0,0
1494,0.0,128,1,0,0,54447,443,0,1,0,0,0
1494,0.0,128,1,0,0,54447,443,0,1,0,0,0
1494,0.0,128,1,0,0,54447,443,0,1,0,0,0
1494,0.0,128,1,0,0,54447,443,0,1,0,0,0
620,0.0,128,1,0,0,54447,443,0,1,0,0,0
1494,0.000168,128,1,0,0,54447,443,0,1,0,0,0
1494,0.0,128,1,0,0,54447,443,0,1,0,0,0
1494,0.0,128,1,0,0,54447,443,0,1,0,0,0
1205,0.0,128,1,0,0,54447,443,0,1,0,0,0
260,0.03504,57,0,1,0,53,49873,0,0,0,0,0
215,0.0,57,0,1,0,53,57695,0,0,0,0,0
54,0.195192,100,1,0,0,443,54447,0,1,0,0,0
54,0.0,100,1,0,0,443,54447,0,1,0,0,0
54,0.0,100,1,0,0,443,54447,0,1,0,0,0
54,0.0,100,1,0,0,443,54447,0,1,0,0,0
54,0.0,100,1,0,0,443,54447,0,1,0,0,0
54,0.0,100,1,0,0,443,54447,0,1,0,0,0
54,0.0,100,1,0,0,443,54447,0,1,0,0,0
54,0.0,100,1,0,0,443,54447,0,1,0,0,0
54,0.0,100,1,0,0,443,54447,0,1,0,0,0
93,0.011462,100,1,0,0,443,54447,0,1,0,0,0
718,0.019305,0,0,1,0,61387,3702,0,0,0,0,0
54,0.029682,128,1,0,0,54447,443,0,1,0,0,0
90,0.075697,0,0,0,0,0,0,0,0,0,0,0
103,4.1e-05,255,0,1,0,5353,5353,0,0,0,0,0
123,0.000264,0,0,1,0,5353,5353,0,0,0,0,0
103,0.000321,255,0,1,0,5353,5353,0,0,0,0,0
123,0.000144,0,0,1,0,5353,5353,0,0,0,0,0
153,0.138943,100,1,0,0,443,54447,0,1,0,0,0
89,0.000653,128,1,0,0,54447,443,0,1,0,0,0
718,0.065009,0,0,1,0,61387,3702,0,0,0,0,0
89,0.249097,128,1,0,0,54447,443,0,1,0,0,0
90,0.053731,0,0,0,0,0,0,0,0,0,0,0
54,0.001796,100,1,0,0,443,54447,0,1,0,0,0
90,0.038231,128,1,0,0,61934,443,0,1,0,0,0
698,0.062909,1,0,1,0,61386,3702,0,0,0,0,0
66,0.060959,100,1,0,0,443,54447,0,1,0,0,0
698,0.043588,1,0,1,0,61386,3702,0,0,0,0,0
54,0.071484,246,1,0,0,443,61934,0,1,0,0,0
107,0.130628,255,0,1,0,5353,5353,0,0,0,0,0
127,0.000294,0,0,1,0,5353,5353,0,0,0,0,0
103,0.101793,255,0,1,0,5353,5353,0,0,0,0,0
123,0.000268,0,0,1,0,5353,5353,0,0,0,0,0
105,0.194082,128,1,0,0,62488,443,0,1,0,0,0
94,0.123702,108,1,0,0,443,62488,0,1,0,0,0
54,0.046136,128,1,0,0,62488,443,0,1,0,0,0
120,0.189008,60,0,1,0,443,56461,0,0,0,0,0
75,0.010887,128,0,1,0,56461,443,0,0,0,0,0
683,0.066159,128,0,1,0,60883,443,0,0,0,0,0
70,0.057501,60,0,1,0,443,60883,0,0,0,0,0
74,0.031903,128,0,1,0,60883,443,0,0,0,0,0
718,0.000692,0,0,1,0,61387,3702,0,0,0,0,0
64,0.02456,60,0,1,0,443,60883,0,0,0,0,0
75,0.00019,128,0,1,0,60883,443,0,0,0,0,0
173,0.085858,128,1,0,0,54447,443,0,1,0,0,0
1494,0.000204,128,1,0,0,54447,443,0,1,0,0,0
1494,0.0,128,1,0,0,54447,443,0,1,0,0,0
1494,0.0,128,1,0,0,54447,443,0,1,0,0,0
1494,0.0,128,1,0,0,54447,443,0,1,0,0,0
1494,0.0,128,1,0,0,54447,443,0,1,0,0,0
1494,0.0,128,1,0,0,54447,443,0,1,0,0,0
1494,0.0,128,1,0,0,54447,443,0,1,0,0,0
1494,0.0,128,1,0,0,54447,443,0,1,0,0,0
1494,0.0,128,1,0,0,54447,443,0,1,0,0,0
1494,0.0,128,1,0,0,54447,443,0,1,0,0,0
1494,0.0,128,1,0,0,54447,443,0,1,0,0,0
620,0.0,128,1,0,0,54447,443,0,1,0,0,0
1494,0.000169,128,1,0,0,54447,443,0,1,0,0,0
1494,0.0,128,1,0,0,54447,443,0,1,0,0,0
165,0.0,128,1,0,0,54447,443,0,1,0,0,0
103,0.197848,255,0,1,0,5353,5353,0,0,0,0,0
123,0.000281,0,0,1,0,5353,5353,0,0,0,0,0
54,0.032423,100,1,0,0,443,54447,0,1,0,0,0
54,0.0,100,1,0,0,443,54447,0,1,0,0,0
54,0.0,100,1,0,0,443,54447,0,1,0,0,0
66,0.0,100,1,0,0,443,54447,0,1,0,0,0
74,0.0,100,1,0,0,443,54447,0,1,0,0,0
74,0.0,100,1,0,0,443,54447,0,1,0,0,0
66,0.0,100,1,0,0,443,54447,0,1,0,0,0
66,0.0,100,1,0,0,443,54447,0,1,0,0,0
66,0.0,100,1,0,0,443,54447,0,1,0,0,0
54,0.0,100,1,0,0,443,54447,0,1,0,0,0
54,0.0,100,1,0,0,443,54447,0,1,0,0,0
153,0.0,100,1,0,0,443,54447,0,1,0,0,0
54,0.046846,128,1,0,0,54447,443,0,1,0,0,0
90,0.020595,0,0,0,0,0,0,0,0,0,0,0
1288,0.248944,60,0,1,0,443,60883,0,0,0,0,0
82,0.0,60,0,1,0,443,60883,0,0,0,0,0
79,0.00028,128,0,1,0,60883,443,0,0,0,0,0
75,0.000129,128,0,1,0,60883,443,0,0,0,0,0
111,0.00031,60,0,1,0,443,60883,0,0,0,0,0
75,0.000922,128,0,1,0,60883,443,0,0,0,0,0
653,0.004017,128,0,1,0,65182,443,0,0,0,0,0
66,0.048768,60,0,1,0,443,60883,0,0,0,0,0
70,0.013566,60,0,1,0,443,65182,0,0,0,0,0
74,0.035938,128,0,1,0,65182,443,0,0,0,0,0
64,0.021974,60,0,1,0,443,65182,0,0,0,0,0
75,0.000221,128,0,1,0,65182,443,0,0,0,0,0
698,0.138641,1,0,1,0,61386,3702,0,0,0,0,0
698,0.000176,1,0,1,0,61386,3702,0,0,0,0,0
90,5.6e-05,0,0,0,0,0,0,0,0,0,0,0
551,0.094302,60,0,1,0,443,65182,0,0,0,0,0
63,0.0,60,0,1,0,443,65182,0,0,0,0,0
79,0.001249,128,0,1,0,65182,443,0,0,0,0,0
75,0.000209,128,0,1,0,65182,443,0,0,0,0,0
72,0.067939,128,0,1,0,65182,443,0,0,0,0,0
72,0.14067,128,0,1,0,65182,443,0,0,0,0,0
69,0.028947,60,0,1,0,443,65182,0,0,0,0,0
60,0.788442,0,0,0,0,0,0,0,0,0,0,0
718,0.001298,0,0,1,0,61387,3702,0,0,0,0,0
90,0.127629,128,1,0,0,55886,443,0,1,0,0,0
173,0.093779,128,1,0,0,54447,443,0,1,0,0,0
1494,0.000123,128,1,0,0,54447,443,0,1,0,0,0
1494,0.0,128,1,0,0,54447,443,0,1,0,0,0
1494,0.0,128,1,0,0,54447,443,0,1,0,0,0
1494,0.0,128,1,0,0,54447,443,0,1,0,0,0
1494,0.0,128,1,0,0,54447,443,0,1,0,0,0
1494,0.0,128,1,0,0,54447,443,0,1,0,0,0
1494,0.0,128,1,0,0,54447,443,0,1,0,0,0
1494,0.0,128,1,0,0,54447,443,0,1,0,0,0
1494,0.0,128,1,0,0,54447,443,0,1,0,0,0
1494,0.0,128,1,0,0,54447,443,0,1,0,0,0
186,0.0,128,1,0,0,54447,443,0,1,0,0,0
54,0.12864,246,1,0,0,443,55886,0,1,0,0,0
718,0.060525,0,0,1,0,61387,3702,0,0,0,0,0
54,0.028101,100,1,0,0,443,54447,0,1,0,0,0
54,0.0,100,1,0,0,443,54447,0,1,0,0,0
54,0.0,100,1,0,0,443,54447,0,1,0,0,0
54,0.0,100,1,0,0,443,54447,0,1,0,0,0
54,0.0,100,1,0,0,443,54447,0,1,0,0,0
54,0.0,100,1,0,0,443,54447,0,1,0,0,0
89,0.0,100,1,0,0,443,54447,0,1,0,0,0
54,0.046152,128,1,0,0,54447,443,0,1,0,0,0
108,0.000502,128,1,0,0,60601,27024,0,1,0,0,0
54,0.078854,119,1,0,0,27024,60601,0,1,0,0,0
148,0.137497,100,1,0,0,443,54447,0,1,0,0,0
54,0.047314,128,1,0,0,54447,443,0,1,0,0,0
698,0.171717,1,0,1,0,61386,3702,0,0,0,0,0
698,0.001058,1,0,1,0,61386,3702,0,0,0,0,0
60,8.8e-05,0,0,0,0,0,0,0,0,0,0,0
60,0.940483,0,0,0,0,0,0,0,0,0,0,0
42,1.8e-05,0,0,0,0,0,0,0,0,0,0,0
60,0.081658,0,0,0,0,0,0,0,0,0,0,0
718,0.001095,0,0,1,0,61387,3702,0,0,0,0,0
173,0.450131,128,1,0,0,54447,443,0,1,0,0,0
1494,0.000101,128,1,0,0,54447,443,0,1,0,0,0
1494,0.0,128,1,0,0,54447,443,0,1,0,0,0
1494,0.0,128,1,0,0,54447,443,0,1,0,0,0
1494,0.0,128,1,0,0,54447,443,0,1,0,0,0
1494,0.0,128,1,0,0,54447,443,0,1,0,0,0
1494,0.0,128,1,0,0,54447,443,0,1,0,0,0
1494,0.0,128,1,0,0,54447,443,0,1,0,0,0
1494,0.0,128,1,0,0,54447,443,0,1,0,0,0
649,0.0,128,1,0,0,54447,443,0,1,0,0,0
54,0.216985,100,1,0,0,443,54447,0,1,0,0,0
54,0.0,100,1,0,0,443,54447,0,1,0,0,0
54,0.0,100,1,0,0,443,54447,0,1,0,0,0
54,0.0,100,1,0,0,443,54447,0,1,0,0,0
54,0.0,100,1,0,0,443,54447,0,1,0,0,0
42,0.151111,0,0,0,0,0,0,0,0,0,0,0
42,2.7e-05,0,0,0,0,0,0,0,0,0,0,0
153,0.029947,100,1,0,0,443,54447,0,1,0,0,0
89,0.000616,128,1,0,0,54447,443,0,1,0,0,0
54,0.261834,100,1,0,0,443,54447,0,1,0,0,0
84,0.629392,1,0,1,0,5353,5353,0,0,0,0,0
84,0.000303,1,0,1,0,5353,5353,0,0,0,0,0
359,0.000433,1,0,1,0,5353,5353,0,0,0,0,0
359,0.000577,1,0,1,0,5353,5353,0,0,0,0,0
167,1.106633,128,1,0,0,54447,443,0,1,0,0,0
1494,0.000106,128,1,0,0,54447,443,0,1,0,0,0
1494,0.0,128,1,0,0,54447,443,0,1,0,0,0
1494,0.0,128,1,0,0,54447,443,0,1,0,0,0
1494,0.0,128,1,0,0,54447,443,0,1,0,0,0
1494,0.0,128,1,0,0,54447,443,0,1,0,0,0
1494,0.0,128,1,0,0,54447,443,0,1,0,0,0
1494,0.0,128,1,0,0,54447,443,0,1,0,0,0
1494,0.0,128,1,0,0,54447,443,0,1,0,0,0
1494,0.0,128,1,0,0,54447,443,0,1,0,0,0
1494,0.0,128,1,0,0,54447,443,0,1,0,0,0
186,0.0,128,1,0,0,54447,443,0,1,0,0,0
514,0.0786,128,0,1,0,60883,443,0,0,0,0,0
70,0.053652,60,0,1,0,443,60883,0,0,0,0,0
74,0.036279,128,0,1,0,60883,443,0,0,0,0,0
64,0.022628,60,0,1,0,443,60883,0,0,0,0,0
75,0.000228,128,0,1,0,60883,443,0,0,0,0,0
54,0.026401,100,1,0,0,443,54447,0,1,0,0,0
54,0.0,100,1,0,0,443,54447,0,1,0,0,0
54,0.0,100,1,0,0,443,54447,0,1,0,0,0
54,0.0,100,1,0,0,443,54447,0,1,0,0,0
54,0.0,100,1,0,0,443,54447,0,1,0,0,0
54,0.0,100,1,0,0,443,54447,0,1,0,0,0
153,0.031461,100,1,0,0,443,54447,0,1,0,0,0
54,0.04256,128,1,0,0,54447,443,0,1,0,0,0
112,0.12444,128,1,0,0,63028,443,0,1,0,0,0
54,0.094006,128,1,0,0,58526,443,0,1,1,0,0
54,0.009469,114,1,0,0,443,58526,0,1,1,0,0
54,0.000123,128,1,0,0,58526,443,0,1,0,0,0
1109,0.005777,60,0,1,0,443,60883,0,0,0,0,0
95,0.0,60,0,1,0,443,60883,0,0,0,0,0
79,0.007929,128,0,1,0,60883,443,0,0,0,0,0
75,0.00021,128,0,1,0,60883,443,0,0,0,0,0
101,0.000308,106,1,0,0,443,63028,0,1,0,0,0
651,0.025242,128,0,1,0,65182,443,0,0,0,0,0
66,0.027668,60,0,1,0,443,60883,0,0,0,0,0
54,0.000752,128,1,0,0,63028,443,0,1,0,0,0
73,0.001421,60,0,1,0,443,65182,0,0,0,0,0
75,0.000208,128,0,1,0,65182,443,0,0,0,0,0
552,0.326753,60,0,1,0,443,65182,0,0,0,0,0
63,0.0,60,0,1,0,443,65182,0,0,0,0,0
79,0.000263,128,0,1,0,65182,443,0,0,0,0,0
75,6.1e-05,128,0,1,0,65182,443,0,0,0,0,0
66,0.056003,60,0,1,0,443,65182,0,0,0,0,0
55,0.3755,128,1,0,0,62659,443,0,1,0,0,0
66,0.041561,123,1,0,0,443,62659,0,1,0,0,0
55,0.767331,128,1,0,0,62661,443,0,1,0,0,0
55,0.122411,128,1,0,0,62660,443,0,1,0,0,0
167,0.034455,128,1,0,0,54447,443,0,1,0,0,0
1494,0.000113,128,1,0,0,54447,443,0,1,0,0,0
1494,0.0,128,1,0,0,54447,443,0,1,0,0,0
1494,0.0,128,1,0,0,54447,443,0,1,0,0,0
1494,0.0,128,1,0,0,54447,443,0,1,0,0,0
1494,0.0,128,1,0,0,54447,443,0,1,0,0,0
1494,0.0,128,1,0,0,54447,443,0,1,0,0,0
1494,0.0,128,1,0,0,54447,443,0,1,0,0,0
1494,0.0,128,1,0,0,54447,443,0,1,0,0,0
1494,0.0,128,1,0,0,54447,443,0,1,0,0,0
1494,0.0,128,1,0,0,54447,443,0,1,0,0,0
186,0.0,128,1,0,0,54447,443,0,1,0,0,0
66,0.074858,246,1,0,0,443,62661,0,1,0,0,0
66,0.124214,246,1,0,0,443,62660,0,1,0,0,0
54,0.017985,100,1,0,0,443,54447,0,1,0,0,0
54,0.0,100,1,0,0,443,54447,0,1,0,0,0
54,0.0,100,1,0,0,443,54447,0,1,0,0,0
54,0.0,100,1,0,0,443,54447,0,1,0,0,0
54,0.0,100,1,0,0,443,54447,0,1,0,0,0
54,0.0,100,1,0,0,443,54447,0,1,0,0,0
148,0.001181,100,1,0,0,443,54447,0,1,0,0,0
54,0.043549,128,1,0,0,54447,443,0,1,0,0,0
172,1.834953,128,1,0,0,54447,443,0,1,0,0,0
1494,7.7e-05,128,1,0,0,54447,443,0,1,0,0,0
1494,0.0,128,1,0,0,54447,443,0,1,0,0,0
1494,0.0,128,1,0,0,54447,443,0,1,0,0,0
1494,0.0,128,1,0,0,54447,443,0,1,0,0,0
1494,0.0,128,1,0,0,54447,443,0,1,0,0,0
135,0.0,128,1,0,0,54447,443,0,1,0,0,0
54,0.216858,100,1,0,0,443,54447,0,1,0,0,0
54,0.0,100,1,0,0,443,54447,0,1,0,0,0
54,0.0,100,1,0,0,443,54447,0,1,0,0,0
54,0.041705,100,1,0,0,443,54447,0,1,0,0,0
153,0.017186,100,1,0,0,443,54447,0,1,0,0,0
89,0.001318,128,1,0,0,54447,443,0,1,0,0,0
71,0.174147,128,0,1,0,56907,443,0,0,0,0,0
72,0.052199,60,0,1,0,443,56907,0,0,0,0,0
54,0.036779,100,1,0,0,443,54447,0,1,0,0,0
172,1.84267,128,1,0,0,54447,443,0,1,0,0,0
1494,7.8e-05,128,1,0,0,54447,443,0,1,0,0,0
1494,0.0,128,1,0,0,54447,443,0,1,0,0,0
1494,0.0,128,1,0,0,54447,443,0,1,0,0,0
1494,0.0,128,1,0,0,54447,443,0,1,0,0,0
1494,0.0,128,1,0,0,54447,443,0,1,0,0,0
1494,0.0,128,1,0,0,54447,443,0,1,0,0,0
1112,0.0,128,1,0,0,54447,443,0,1,0,0,0
54,0.216667,100,1,0,0,443,54447,0,1,0,0,0
54,0.0,100,1,0,0,443,54447,0,1,0,0,0
54,0.0,100,1,0,0,443,54447,0,1,0,0,0
54,0.0,100,1,0,0,443,54447,0,1,0,0,0
153,0.0,100,1,0,0,443,54447,0,1,0,0,0
54,0.045459,128,1,0,0,54447,443,0,1,0,0,0
55,0.24818,128,1,0,0,59760,443,0,1,0,0,0
66,0.032268,123,1,0,0,443,59760,0,1,0,0,0
71,0.667615,128,0,1,0,56461,443,0,0,0,0,0
71,0.061298,128,0,1,0,56461,443,0,0,0,0,0
68,0.026439,60,0,1,0,443,56461,0,0,0,0,0
60,0.118664,0,0,0,0,0,0,0,0,0,0,0
168,0.912242,128,1,0,0,54447,443,0,1,0,0,0
1494,0.000111,128,1,0,0,54447,443,0,1,0,0,0
1494,0.0,128,1,0,0,54447,443,0,1,0,0,0
1494,0.0,128,1,0,0,54447,443,0,1,0,0,0
1494,0.0,128,1,0,0,54447,443,0,1,0,0,0
1494,0.0,128,1,0,0,54447,443,0,1,0,0,0
1494,0.0,128,1,0,0,54447,443,0,1,0,0,0
1494,0.0,128,1,0,0,54447,443,0,1,0,0,0
1494,0.0,128,1,0,0,54447,443,0,1,0,0,0
649,0.0,128,1,0,0,54447,443,0,1,0,0,0
60,0.111462,0,0,0,0,0,0,0,0,0,0,0
54,0.104784,100,1,0,0,443,54447,0,1,0,0,0
54,0.0,100,1,0,0,443,54447,0,1,0,0,0
54,0.0,100,1,0,0,443,54447,0,1,0,0,0
54,0.0,100,1,0,0,443,54447,0,1,0,0,0
54,0.0,100,1,0,0,443,54447,0,1,0,0,0
89,0.0,100,1,0,0,443,54447,0,1,0,0,0
54,0.044739,128,1,0,0,54447,443,0,1,0,0,0
148,0.215222,100,1,0,0,443,54447,0,1,0,0,0
54,0.047504,128,1,0,0,54447,443,0,1,0,0,0
60,0.611879,0,0,0,0,0,0,0,0,0,0,0
169,1.231093,128,1,0,0,54447,443,0,1,0,0,0
1494,7.5e-05,128,1,0,0,54447,443,0,1,0,0,0
1494,0.0,128,1,0,0,54447,443,0,1,0,0,0
1494,0.0,128,1,0,0,54447,443,0,1,0,0,0
1494,0.0,128,1,0,0,54447,443,0,1,0,0,0
1494,0.0,128,1,0,0,54447,443,0,1,0,0,0
1494,0.0,128,1,0,0,54447,443,0,1,0,0,0
1112,0.0,128,1,0,0,54447,443,0,1,0,0,0
54,0.216272,100,1,0,0,443,54447,0,1,0,0,0
54,0.0,100,1,0,0,443,54447,0,1,0,0,0
54,0.0,100,1,0,0,443,54447,0,1,0,0,0
54,0.0,100,1,0,0,443,54447,0,1,0,0,0
153,0.084776,100,1,0,0,443,54447,0,1,0,0,0
89,0.000777,128,1,0,0,54447,443,0,1,0,0,0
54,0.269089,100,1,0,0,443,54447,0,1,0,0,0
120,1.70601,60,0,1,0,443,56461,0,0,0,0,0
76,0.000241,128,0,1,0,56461,443,0,0,0,0,0
170,0.101104,128,1,0,0,54447,443,0,1,0,0,0
1494,8.2e-05,128,1,0,0,54447,443,0,1,0,0,0
1494,0.0,128,1,0,0,54447,443,0,1,0,0,0
1494,0.0,128,1,0,0,54447,443,0,1,0,0,0
1494,0.0,128,1,0,0,54447,443,0,1,0,0,0
1494,0.0,128,1,0,0,54447,443,0,1,0,0,0
135,0.0,128,1,0,0,54447,443,0,1,0,0,0
84,0.076825,1,0,1,0,5353,5353,0,0,0,0,0
84,0.000313,1,0,1,0,5353,5353,0,0,0,0,0
359,0.012195,1,0,1,0,5353,5353,0,0,0,0,0
359,0.000176,1,0,1,0,5353,5353,0,0,0,0,0
54,0.131601,100,1,0,0,443,54447,0,1,0,0,0
54,0.0,100,1,0,0,443,54447,0,1,0,0,0
54,0.0,100,1,0,0,443,54447,0,1,0,0,0
153,0.15575,100,1,0,0,443,54447,0,1,0,0,0
54,0.041512,128,1,0,0,54447,443,0,1,0,0,0
78,0.187091,246,1,0,0,443,62658,0,1,0,0,0
54,0.0,246,1,0,0,443,62658,0,1,1,0,0
54,0.000141,128,1,0,0,62658,443,0,1,0,0,0
437,1.724748,255,0,1,0,5353,5353,0,0,0,0,0
457,0.002436,0,0,1,0,5353,5353,0,0,0,0,0
171,0.001851,128,1,0,0,54447,443,0,1,0,0,0
1494,5.9e-05,128,1,0,0,54447,443,0,1,0,0,0
1494,0.0,128,1,0,0,54447,443,0,1,0,0,0
1494,0.0,128,1,0,0,54447,443,0,1,0,0,0
1494,0.0,128,1,0,0,54447,443,0,1,0,0,0
1494,0.0,128,1,0,0,54447,443,0,1,0,0,0
135,0.0,128,1,0,0,54447,443,0,1,0,0,0
54,0.215611,100,1,0,0,443,54447,0,1,0,0,0
54,0.0,100,1,0,0,443,54447,0,1,0,0,0
54,0.0,100,1,0,0,443,54447,0,1,0,0,0
153,0.128662,100,1,0,0,443,54447,0,1,0,0,0
54,0.042583,128,1,0,0,54447,443,0,1,0,0,0
93,0.336779,246,1,0,0,443,62661,0,1,0,0,0
78,0.0,246,1,0,0,443,62661,0,1,0,0,0
54,0.0,246,1,0,0,443,62661,0,1,1,0,0
54,7.6e-05,128,1,0,0,62661,443,0,1,0,0,0
93,0.073063,246,1,0,0,443,62660,0,1,0,0,0
78,0.0,246,1,0,0,443,62660,0,1,0,0,0
54,0.0,246,1,0,0,443,62660,0,1,1,0,0
54,9e-05,128,1,0,0,62660,443,0,1,0,0,0
54,0.000121,128,1,0,0,62660,443,0,1,1,0,0
54,0.234177,246,1,0,0,443,62660,0,1,0,0,0
55,0.299143,128,1,0,0,52972,443,0,1,0,0,0
66,0.031845,57,1,0,0,443,52972,0,1,0,0,0
204,0.988449,1,0,1,0,5353,5353,0,0,0,0,0
224,0.000303,0,0,1,0,5353,5353,0,0,0,0,0
83,0.000321,1,0,1,0,5353,5353,0,0,0,0,0
103,0.000262,0,0,1,0,5353,5353,0,0,0,0,0
172,0.022546,128,1,0,0,54447,443,0,1,0,0,0
1494,0.000131,128,1,0,0,54447,443,0,1,0,0,0
1494,0.0,128,1,0,0,54447,443,0,1,0,0,0
1494,0.0,128,1,0,0,54447,443,0,1,0,0,0
1494,0.0,128,1,0,0,54447,443,0,1,0,0,0
1494,0.0,128,1,0,0,54447,443,0,1,0,0,0
1494,0.0,128,1,0,0,54447,443,0,1,0,0,0
1494,0.0,128,1,0,0,54447,443,0,1,0,0,0
1494,0.0,128,1,0,0,54447,443,0,1,0,0,0
649,0.0,128,1,0,0,54447,443,0,1,0,0,0
83,0.180767,1,0,1,0,5353,5353,0,0,0,0,0
103,0.000313,0,0,1,0,5353,5353,0,0,0,0,0
54,0.037346,100,1,0,0,443,54447,0,1,0,0,0
54,0.0,100,1,0,0,443,54447,0,1,0,0,0
54,0.0,100,1,0,0,443,54447,0,1,0,0,0
54,0.0,100,1,0,0,443,54447,0,1,0,0,0
54,0.0,100,1,0,0,443,54447,0,1,0,0,0
148,0.0,100,1,0,0,443,54447,0,1,0,0,0
89,0.000782,128,1,0,0,54447,443,0,1,0,0,0
83,0.269491,1,0,1,0,5353,5353,0,0,0,0,0
103,0.000281,0,0,1,0,5353,5353,0,0,0,0,0
89,0.037108,128,1,0,0,54447,443,0,1,0,0,0
54,0.036196,100,1,0,0,443,54447,0,1,0,0,0
259,0.130759,1,0,1,0,5353,5353,0,0,0,0,0
279,0.000336,0,0,1,0,5353,5353,0,0,0,0,0
205,0.000307,1,0,1,0,5353,5353,0,0,0,0,0
225,0.000655,0,0,1,0,5353,5353,0,0,0,0,0
66,0.050262,100,1,0,0,443,54447,0,1,0,0,0
197,1.602088,128,1,0,0,54447,443,0,1,0,0,0
1494,7.2e-05,128,1,0,0,54447,443,0,1,0,0,0
1494,0.0,128,1,0,0,54447,443,0,1,0,0,0
1494,0.0,128,1,0,0,54447,443,0,1,0,0,0
1494,0.0,128,1,0,0,54447,443,0,1,0,0,0
1494,0.0,128,1,0,0,54447,443,0,1,0,0,0
1494,0.0,128,1,0,0,54447,443,0,1,0,0,0
1112,0.0,128,1,0,0,54447,443,0,1,0,0,0
54,0.216501,100,1,0,0,443,54447,0,1,0,0,0
54,0.0,100,1,0,0,443,54447,0,1,0,0,0
54,0.0,100,1,0,0,443,54447,0,1,0,0,0
54,0.0,100,1,0,0,443,54447,0,1,0,0,0
153,0.106045,100,1,0,0,443,54447,0,1,0,0,0
54,0.048035,128,1,0,0,54447,443,0,1,0,0,0
60,0.031036,0,0,0,0,0,0,0,0,0,0,0
174,0.770309,128,1,0,0,52972,443,0,1,0,0,0
93,0.000113,128,1,0,0,52972,443,0,1,0,0,0
143,3.5e-05,128,1,0,0,52972,443,0,1,0,0,0
144,0.009811,128,1,0,0,52972,443,0,1,0,0,0
54,0.022918,57,1,0,0,443,52972,0,1,0,0,0
93,0.0,57,1,0,0,443,52972,0,1,0,0,0
54,0.0,57,1,0,0,443,52972,0,1,0,0,0
54,0.0,57,1,0,0,443,52972,0,1,0,0,0
284,0.0,57,1,0,0,443,52972,0,1,0,0,0
54,8.3e-05,128,1,0,0,52972,443,0,1,0,0,0
54,3.3e-05,128,1,0,0,52972,443,0,1,0,0,0
54,2.7e-05,128,1,0,0,52972,443,0,1,0,0,0
89,0.00048,128,1,0,0,52972,443,0,1,0,0,0
54,0.00895,57,1,0,0,443,52972,0,1,0,0,0
209,0.0,57,1,0,0,443,52972,0,1,0,0,0
54,0.023423,57,1,0,0,443,52972,0,1,0,0,0
1292,0.013399,128,0,1,0,63173,443,0,0,0,0,0
1292,6.3e-05,128,0,1,0,63173,443,0,0,0,0,0
209,0.000154,128,1,0,0,59760,443,0,1,0,0,0
93,4.2e-05,128,1,0,0,59760,443,0,1,0,0,0
549,2.4e-05,128,1,0,0,59760,443,0,1,0,0,0
54,0.007485,128,1,0,0,52972,443,0,1,0,0,0
209,0.002896,128,1,0,0,59760,443,0,1,0,0,0
554,8.4e-05,128,1,0,0,59760,443,0,1,0,0,0
209,0.000885,128,1,0,0,59760,443,0,1,0,0,0
549,5.2e-05,128,1,0,0,59760,443,0,1,0,0,0
291,0.007724,57,1,0,0,443,52972,0,1,0,0,0
82,0.009651,60,0,1,0,443,63173,0,0,0,0,0
54,0.004084,123,1,0,0,443,59760,0,1,0,0,0
54,0.0,123,1,0,0,443,59760,0,1,0,0,0
93,0.0,123,1,0,0,443,59760,0,1,0,0,0
54,0.005568,123,1,0,0,443,59760,0,1,0,0,0
54,0.004413,123,1,0,0,443,59760,0,1,0,0,0
54,0.0,123,1,0,0,443,59760,0,1,0,0,0
54,0.0,123,1,0,0,443,59760,0,1,0,0,0
54,0.0,123,1,0,0,443,59760,0,1,0,0,0
60,0.021067,0,0,0,0,0,0,0,0,0,0,0
125,0.004596,123,1,0,0,443,59760,0,1,0,0,0
146,0.0,123,1,0,0,443,59760,0,1,0,0,0
54,7.5e-05,128,1,0,0,59760,443,0,1,0,0,0
54,0.000457,128,1,0,0,52972,443,0,1,0,0,0
1292,0.000383,128,0,1,0,63173,443,0,0,0,0,0
89,0.000438,128,1,0,0,59760,443,0,1,0,0,0
125,0.014347,123,1,0,0,443,59760,0,1,0,0,0
146,0.0,123,1,0,0,443,59760,0,1,0,0,0
125,0.0,123,1,0,0,443,59760,0,1,0,0,0
146,0.0,123,1,0,0,443,59760,0,1,0,0,0
66,6.1e-05,128,1,0,0,59760,443,0,1,0,0,0
66,3.4e-05,128,1,0,0,59760,443,0,1,0,0,0
66,1.8e-05,128,1,0,0,59760,443,0,1,0,0,0
66,1.4e-05,128,1,0,0,59760,443,0,1,0,0,0
1292,0.014457,60,0,1,0,443,63173,0,0,0,0,0
93,0.019464,123,1,0,0,443,59760,0,1,0,0,0
54,0.000104,128,1,0,0,59760,443,0,1,0,0,0
93,0.000362,128,1,0,0,59760,443,0,1,0,0,0
1292,0.01568,60,0,1,0,443,63173,0,0,0,0,0
205,0.000582,128,0,1,0,63173,443,0,0,0,0,0
54,0.02563,123,1,0,0,443,59760,0,1,0,0,0
626,0.002814,60,0,1,0,443,63173,0,0,0,0,0
163,0.0,60,0,1,0,443,63173,0,0,0,0,0
73,0.000336,128,0,1,0,63173,443,0,0,0,0,0
66,0.024593,60,0,1,0,443,63173,0,0,0,0,0
108,0.437145,128,1,0,0,60601,27024,0,1,0,0,0
54,0.081837,119,1,0,0,27024,60601,0,1,0,0,0
60,0.380546,0,0,0,0,0,0,0,0,0,0,0
510,0.035065,128,1,0,0,54447,443,0,1,0,0,0
1494,0.000114,128,1,0,0,54447,443,0,1,0,0,0
1494,0.0,128,1,0,0,54447,443,0,1,0,0,0
1494,0.0,128,1,0,0,54447,443,0,1,0,0,0
1494,0.0,128,1,0,0,54447,443,0,1,0,0,0
1494,0.0,128,1,0,0,54447,443,0,1,0,0,0
1494,0.0,128,1,0,0,54447,443,0,1,0,0,0
1494,0.0,128,1,0,0,54447,443,0,1,0,0,0
1494,0.0,128,1,0,0,54447,443,0,1,0,0,0
649,0.0,128,1,0,0,54447,443,0,1,0,0,0
54,0.217778,100,1,0,0,443,54447,0,1,0,0,0
54,0.0,100,1,0,0,443,54447,0,1,0,0,0
54,0.0,100,1,0,0,443,54447,0,1,0,0,0
54,0.0,100,1,0,0,443,54447,0,1,0,0,0
54,0.0,100,1,0,0,443,54447,0,1,0,0,0
153,0.0,100,1,0,0,443,54447,0,1,0,0,0
54,0.045019,128,1,0,0,54447,443,0,1,0,0,0
55,0.852415,128,1,0,0,56941,5228,0,1,0,0,0
66,0.060476,123,1,0,0,5228,56941,0,1,0,0,0
55,0.234247,128,1,0,0,58328,443,0,1,0,0,0
66,0.022442,50,1,0,0,443,58328,0,1,0,0,0
168,0.976827,128,1,0,0,54447,443,0,1,0,0,0
1494,7.9e-05,128,1,0,0,54447,443,0,1,0,0,0
1494,0.0,128,1,0,0,54447,443,0,1,0,0,0
1494,0.0,128,1,0,0,54447,443,0,1,0,0,0
1494,0.0,128,1,0,0,54447,443,0,1,0,0,0
1494,0.0,128,1,0,0,54447,443,0,1,0,0,0
1494,0.0,128,1,0,0,54447,443,0,1,0,0,0
1112,0.0,128,1,0,0,54447,443,0,1,0,0,0
92,0.013216,64,0,1,0,137,137,0,0,0,0,0
54,0.203425,100,1,0,0,443,54447,0,1,0,0,0
54,0.0,100,1,0,0,443,54447,0,1,0,0,0
54,0.0,100,1,0,0,443,54447,0,1,0,0,0
89,0.0,100,1,0,0,443,54447,0,1,0,0,0
54,0.0,100,1,0,0,443,54447,0,1,0,0,0
54,8.3e-05,128,1,0,0,54447,443,0,1,0,0,0
55,0.214435,128,1,0,0,51559,443,0,1,0,0,0
148,0.003016,100,1,0,0,443,54447,0,1,0,0,0
89,0.000666,128,1,0,0,54447,443,0,1,0,0,0
54,0.26902,100,1,0,0,443,54447,0,1,0,0,0
66,0.081004,47,1,0,0,443,51559,0,1,0,0,0
167,1.546839,128,1,0,0,54447,443,0,1,0,0,0
1494,8.1e-05,128,1,0,0,54447,443,0,1,0,0,0
1494,0.0,128,1,0,0,54447,443,0,1,0,0,0
1494,0.0,128,1,0,0,54447,443,0,1,0,0,0
1494,0.0,128,1,0,0,54447,443,0,1,0,0,0
1494,0.0,128,1,0,0,54447,443,0,1,0,0,0
1494,0.0,128,1,0,0,54447,443,0,1,0,0,0
1112,0.0,128,1,0,0,54447,443,0,1,0,0,0
54,0.224908,100,1,0,0,443,54447,0,1,0,0,0
54,0.0,100,1,0,0,443,54447,0,1,0,0,0
54,0.0,100,1,0,0,443,54447,0,1,0,0,0
54,0.0,100,1,0,0,443,54447,0,1,0,0,0
153,0.107534,100,1,0,0,443,54447,0,1,0,0,0
54,0.05348,128,1,0,0,54447,443,0,1,0,0,0
71,0.357388,128,0,1,0,56461,443,0,0,0,0,0
67,0.033674,60,0,1,0,443,56461,0,0,0,0,0
55,0.075597,128,1,0,0,62644,443,0,1,0,0,0
84,0.015071,1,0,1,0,5353,5353,0,0,0,0,0
84,0.00036,1,0,1,0,5353,5353,0,0,0,0,0
359,0.000173,1,0,1,0,5353,5353,0,0,0,0,0
359,0.000192,1,0,1,0,5353,5353,0,0,0,0,0
66,0.009476,123,1,0,0,443,62644,0,1,0,0,0
167,1.529356,128,1,0,0,54447,443,0,1,0,0,0
1494,7.9e-05,128,1,0,0,54447,443,0,1,0,0,0
1494,0.0,128,1,0,0,54447,443,0,1,0,0,0
1494,0.0,128,1,0,0,54447,443,0,1,0,0,0
1494,0.0,128,1,0,0,54447,443,0,1,0,0,0
1494,0.0,128,1,0,0,54447,443,0,1,0,0,0
135,0.0,128,1,0,0,54447,443,0,1,0,0,0
54,0.217034,100,1,0,0,443,54447,0,1,0,0,0
54,0.0,100,1,0,0,443,54447,0,1,0,0,0
54,0.0,100,1,0,0,443,54447,0,1,0,0,0
153,0.0,100,1,0,0,443,54447,0,1,0,0,0
54,0.045637,128,1,0,0,54447,443,0,1,0,0,0
55,0.093431,128,1,0,0,54288,443,0,1,0,0,0
54,0.031202,122,1,0,0,443,54288,0,0,0,1,0
1292,0.23778,128,0,1,0,59016,443,0,0,0,0,0
1292,5.9e-05,128,0,1,0,59016,443,0,0,0,0,0
124,0.000126,128,0,1,0,59016,443,0,0,0,0,0
1288,0.000322,128,0,1,0,59016,443,0,0,0,0,0
1292,3.9e-05,128,0,1,0,59016,443,0,0,0,0,0
1292,3.4e-05,128,0,1,0,59016,443,0,0,0,0,0
405,4.9e-05,128,0,1,0,59016,443,0,0,0,0,0
128,2.9e-05,128,0,1,0,59016,443,0,0,0,0,0
82,0.025069,60,0,1,0,443,59016,0,0,0,0,0
1292,0.031954,128,0,1,0,59016,443,0,0,0,0,0
1292,0.024797,60,0,1,0,443,59016,0,0,0,0,0
1292,0.00218,60,0,1,0,443,59016,0,0,0,0,0
341,0.0,60,0,1,0,443,59016,0,0,0,0,0
993,0.0,60,0,1,0,443,59016,0,0,0,0,0
66,0.0,60,0,1,0,443,59016,0,0,0,0,0
120,0.000404,128,0,1,0,59016,443,0,0,0,0,0
73,0.000139,128,0,1,0,59016,443,0,0,0,0,0
162,0.024543,60,0,1,0,443,59016,0,0,0,0,0
73,0.000166,128,0,1,0,59016,443,0,0,0,0,0
116,0.000125,128,0,1,0,59016,443,0,0,0,0,0
67,0.024185,60,0,1,0,443,59016,0,0,0,0,0
1292,0.000129,128,0,1,0,59016,443,0,0,0,0,0
1292,4e-05,128,0,1,0,59016,443,0,0,0,0,0
1292,2.2e-05,128,0,1,0,59016,443,0,0,0,0,0
369,1.8e-05,128,0,1,0,59016,443,0,0,0,0,0
120,0.00025,128,0,1,0,59016,443,0,0,0,0,0
67,0.023998,60,0,1,0,443,59016,0,0,0,0,0
67,0.006501,60,0,1,0,443,59016,0,0,0,0,0
71,0.0,60,0,1,0,443,59016,0,0,0,0,0
75,0.001568,128,0,1,0,59016,443,0,0,0,0,0
60,0.38065,0,0,0,0,0,0,0,0,0,0,0
42,1.8e-05,0,0,0,0,0,0,0,0,0,0,0
1292,0.00563,60,0,1,0,443,59016,0,0,0,0,0
176,0.0,60,0,1,0,443,59016,0,0,0,0,0
68,0.0,60,0,1,0,443,59016,0,0,0,0,0
75,0.000246,128,0,1,0,59016,443,0,0,0,0,0
79,0.000118,128,0,1,0,59016,443,0,0,0,0,0
75,5.3e-05,128,0,1,0,59016,443,0,0,0,0,0
1292,0.005637,128,0,1,0,63840,443,0,0,0,0,0
1292,4.2e-05,128,0,1,0,63840,443,0,0,0,0,0
1292,2.2e-05,128,0,1,0,63840,443,0,0,0,0,0
117,0.000123,128,0,1,0,63840,443,0,0,0,0,0
82,0.030838,60,0,1,0,443,63840,0,0,0,0,0
66,0.012613,60,0,1,0,443,59016,0,0,0,0,0
1292,0.029752,128,0,1,0,63840,443,0,0,0,0,0
1292,0.13919,128,0,1,0,63840,443,0,0,0,0,0
71,0.029937,128,0,1,0,56907,443,0,0,0,0,0
1292,0.000628,60,0,1,0,443,63840,0,0,0,0,0
1292,0.0,60,0,1,0,443,63840,0,0,0,0,0
1292,0.000474,128,0,1,0,63840,443,0,0,0,0,0
1292,0.016276,60,0,1,0,443,63840,0,0,0,0,0
1000,0.0,60,0,1,0,443,63840,0,0,0,0,0
71,0.0,60,0,1,0,443,63840,0,0,0,0,0
1292,0.000424,128,0,1,0,63840,443,0,0,0,0,0
1292,0.013794,60,0,1,0,443,63840,0,0,0,0,0
1292,0.000683,128,0,1,0,63840,443,0,0,0,0,0
72,0.020756,60,0,1,0,443,56907,0,0,0,0,0
79,0.009331,128,0,1,0,63840,443,0,0,0,0,0
334,0.012508,60,0,1,0,443,63840,0,0,0,0,0
153,0.000266,128,0,1,0,63840,443,0,0,0,0,0
1288,0.00027,128,0,1,0,63840,443,0,0,0,0,0
1292,6.1e-05,128,0,1,0,63840,443,0,0,0,0,0
1292,0.00215,128,0,1,0,63840,443,0,0,0,0,0
292,3.2e-05,128,0,1,0,63840,443,0,0,0,0,0
1237,0.016794,60,0,1,0,443,63840,0,0,0,0,0
198,0.000154,128,0,1,0,63840,443,0,0,0,0,0
163,0.010421,60,0,1,0,443,63840,0,0,0,0,0
77,9.7e-05,128,0,1,0,63840,443,0,0,0,0,0
65,0.000396,60,0,1,0,443,63840,0,0,0,0,0
109,0.000114,128,0,1,0,63840,443,0,0,0,0,0
69,0.002851,60,0,1,0,443,63840,0,0,0,0,0
75,0.000217,128,0,1,0,63840,443,0,0,0,0,0
67,0.015841,60,0,1,0,443,63840,0,0,0,0,0
71,0.046999,128,0,1,0,63840,443,0,0,0,0,0
67,0.030547,60,0,1,0,443,63840,0,0,0,0,0
606,0.251723,60,0,1,0,443,63840,0,0,0,0,0
63,0.0,60,0,1,0,443,63840,0,0,0,0,0
79,0.003314,128,0,1,0,63840,443,0,0,0,0,0
75,0.000285,128,0,1,0,63840,443,0,0,0,0,0
66,0.057391,60,0,1,0,443,63840,0,0,0,0,0
105,0.244744,128,1,0,0,62488,443,0,1,0,0,0
213,0.051529,1,0,1,0,58541,1900,0,0,0,0,0
94,0.071205,108,1,0,0,443,62488,0,1,0,0,0
54,0.047168,128,1,0,0,62488,443,0,1,0,0,0
167,0.110902,128,1,0,0,54447,443,0,1,0,0,0
1494,0.000124,128,1,0,0,54447,443,0,1,0,0,0
1494,0.0,128,1,0,0,54447,443,0,1,0,0,0
1494,0.0,128,1,0,0,54447,443,0,1,0,0,0
1494,0.0,128,1,0,0,54447,443,0,1,0,0,0
1494,0.0,128,1,0,0,54447,443,0,1,0,0,0
1494,0.0,128,1,0,0,54447,443,0,1,0,0,0
1494,0.0,128,1,0,0,54447,443,0,1,0,0,0
1494,0.0,128,1,0,0,54447,443,0,1,0,0,0
1494,0.0,128,1,0,0,54447,443,0,1,0,0,0
1494,0.0,128,1,0,0,54447,443,0,1,0,0,0
1494,0.0,128,1,0,0,54447,443,0,1,0,0,0
620,0.0,128,1,0,0,54447,443,0,1,0,0,0
1494,0.000206,128,1,0,0,54447,443,0,1,0,0,0
1494,0.0,128,1,0,0,54447,443,0,1,0,0,0
165,0.0,128,1,0,0,54447,443,0,1,0,0,0
70,0.165609,128,0,1,0,56221,53,0,0,0,0,0
70,0.000397,128,0,1,0,54563,53,0,0,0,0,0
292,0.000269,128,1,0,0,52972,443,0,1,0,0,0
93,0.000448,128,1,0,0,52972,443,0,1,0,0,0
197,0.002633,128,1,0,0,52972,443,0,1,0,0,0
222,0.000102,128,1,0,0,52972,443,0,1,0,0,0
54,0.030227,57,1,0,0,443,52972,0,1,0,0,0
54,0.0,57,1,0,0,443,52972,0,1,0,0,0
93,0.0,57,1,0,0,443,52972,0,1,0,0,0
54,8.1e-05,128,1,0,0,52972,443,0,1,0,0,0
54,0.002881,57,1,0,0,443,52972,0,1,0,0,0
54,0.0,57,1,0,0,443,52972,0,1,0,0,0
146,0.0,57,0,1,0,53,54563,0,0,0,0,0
54,0.01636,100,1,0,0,443,54447,0,1,0,0,0
54,0.0,100,1,0,0,443,54447,0,1,0,0,0
54,0.0,100,1,0,0,443,54447,0,1,0,0,0
54,0.0,100,1,0,0,443,54447,0,1,0,0,0
54,0.0,100,1,0,0,443,54447,0,1,0,0,0
54,0.0,100,1,0,0,443,54447,0,1,0,0,0
54,0.0,100,1,0,0,443,54447,0,1,0,0,0
54,0.0,100,1,0,0,443,54447,0,1,0,0,0
148,0.005358,100,1,0,0,443,54447,0,1,0,0,0
89,0.000576,128,1,0,0,54447,443,0,1,0,0,0
70,0.068632,128,0,1,0,52815,53,0,0,0,0,0
102,0.031477,122,0,1,0,53,52815,0,0,0,0,0
1292,0.00097,128,0,1,0,49365,443,0,0,0,0,0
1292,0.000101,128,0,1,0,49365,443,0,0,0,0,0
123,0.000138,128,0,1,0,49365,443,0,0,0,0,0
304,0.000261,128,0,1,0,49365,443,0,0,0,0,0
259,9.8e-05,128,0,1,0,49365,443,0,0,0,0,0
82,0.030039,60,0,1,0,443,49365,0,0,0,0,0
90,0.014293,128,0,1,0,49365,443,0,0,0,0,0
79,0.000341,128,0,1,0,58616,53,0,0,0,0,0
79,0.000162,128,0,1,0,53409,53,0,0,0,0,0
90,9.1e-05,128,0,1,0,49365,443,0,0,0,0,0
1292,0.030712,128,0,1,0,49365,443,0,0,0,0,0
178,0.00905,57,0,1,0,53,53409,0,0,0,0,0
1292,0.021226,60,0,1,0,443,49365,0,0,0,0,0
1292,0.020349,60,0,1,0,443,49365,0,0,0,0,0
351,0.0,60,0,1,0,443,49365,0,0,0,0,0
120,0.00066,128,0,1,0,49365,443,0,0,0,0,0
976,0.001737,60,0,1,0,443,49365,0,0,0,0,0
67,0.0,60,0,1,0,443,49365,0,0,0,0,0
73,0.000176,128,0,1,0,49365,443,0,0,0,0,0
115,8.4e-05,128,0,1,0,49365,443,0,0,0,0,0
177,0.030603,60,0,1,0,443,49365,0,0,0,0,0
67,0.0,60,0,1,0,443,49365,0,0,0,0,0
79,0.024484,128,0,1,0,60941,53,0,0,0,0,0
74,0.01509,128,0,1,0,49365,443,0,0,0,0,0
89,0.015164,128,1,0,0,54447,443,0,1,0,0,0
181,0.000971,122,0,1,0,53,60941,0,0,0,0,0
54,0.019131,100,1,0,0,443,54447,0,1,0,0,0
226,0.004095,57,1,0,0,443,52972,0,1,0,0,0
185,0.0,57,1,0,0,443,52972,0,1,0,0,0
54,7e-05,128,1,0,0,52972,443,0,1,0,0,0
89,0.000914,128,1,0,0,52972,443,0,1,0,0,0
504,0.008436,57,1,0,0,443,52972,0,1,0,0,0
174,0.0,57,1,0,0,443,52972,0,1,0,0,0
54,7.2e-05,128,1,0,0,52972,443,0,1,0,0,0
54,0.028041,57,1,0,0,443,52972,0,1,0,0,0
66,0.154575,100,1,0,0,443,54447,0,1,0,0,0
213,0.037296,1,0,1,0,58541,1900,0,0,0,0,0
90,0.291824,128,1,0,0,55886,443,0,1,0,0,0
54,0.224043,246,1,0,0,443,55886,0,1,0,0,0
120,0.017733,60,0,1,0,443,56461,0,0,0,0,0
64,0.0,60,0,1,0,443,56461,0,0,0,0,0
75,0.013355,128,0,1,0,56461,443,0,0,0,0,0
257,0.000738,128,0,1,0,49365,443,0,0,0,0,0
253,0.00016,128,0,1,0,49365,443,0,0,0,0,0
70,0.030483,60,0,1,0,443,49365,0,0,0,0,0
742,0.0,60,0,1,0,443,49365,0,0,0,0,0
64,0.0,60,0,1,0,443,49365,0,0,0,0,0
77,0.000229,128,0,1,0,49365,443,0,0,0,0,0
88,0.007982,128,0,1,0,49365,443,0,0,0,0,0
1292,0.000848,128,0,1,0,49259,443,0,0,0,0,0
1292,8.9e-05,128,0,1,0,49259,443,0,0,0,0,0
119,0.000174,128,0,1,0,49259,443,0,0,0,0,0
572,0.000302,128,0,1,0,49259,443,0,0,0,0,0
60,0.028631,0,0,0,0,0,0,0,0,0,0,0
82,3.1e-05,60,0,1,0,443,49259,0,0,0,0,0
71,0.0,60,0,1,0,443,49365,0,0,0,0,0
75,0.001661,128,0,1,0,49365,443,0,0,0,0,0
80,0.029157,60,0,1,0,443,49365,0,0,0,0,0
75,0.000415,128,0,1,0,49365,443,0,0,0,0,0
1292,0.016014,128,0,1,0,49259,443,0,0,0,0,0
1292,0.027156,60,0,1,0,443,49259,0,0,0,0,0
1292,0.000508,60,0,1,0,443,49259,0,0,0,0,0
346,0.001023,60,0,1,0,443,49259,0,0,0,0,0
988,0.0,60,0,1,0,443,49259,0,0,0,0,0
95,0.0,60,0,1,0,443,49259,0,0,0,0,0
66,0.0,60,0,1,0,443,49259,0,0,0,0,0
1292,0.000263,128,0,1,0,49259,443,0,0,0,0,0
73,0.000112,128,0,1,0,49259,443,0,0,0,0,0
116,7.1e-05,128,0,1,0,49259,443,0,0,0,0,0
162,0.02591,60,0,1,0,443,49259,0,0,0,0,0
64,0.0,60,0,1,0,443,49259,0,0,0,0,0
65,0.0,60,0,1,0,443,49259,0,0,0,0,0
73,0.000155,128,0,1,0,49259,443,0,0,0,0,0
241,0.193447,60,0,1,0,443,49259,0,0,0,0,0
63,0.0,60,0,1,0,443,49259,0,0,0,0,0
77,0.004662,128,0,1,0,49259,443,0,0,0,0,0
556,0.035628,128,0,1,0,56461,443,0,0,0,0,0
66,0.016939,60,0,1,0,443,49259,0,0,0,0,0
71,0.01777,60,0,1,0,443,56461,0,0,0,0,0
75,0.021445,128,0,1,0,56461,443,0,0,0,0,0
213,0.015393,1,0,1,0,58541,1900,0,0,0,0,0
127,0.181853,60,0,1,0,443,56461,0,0,0,0,0
79,0.015745,128,0,1,0,56461,443,0,0,0,0,0
173,0.033817,128,1,0,0,54447,443,0,1,0,0,0
1494,0.0002,128,1,0,0,54447,443,0,1,0,0,0
1494,0.0,128,1,0,0,54447,443,0,1,0,0,0
1494,0.0,128,1,0,0,54447,443,0,1,0,0,0
1494,0.0,128,1,0,0,54447,443,0,1,0,0,0
1494,0.0,128,1,0,0,54447,443,0,1,0,0,0
1494,0.0,128,1,0,0,54447,443,0,1,0,0,0
1494,0.0,128,1,0,0,54447,443,0,1,0,0,0
1494,0.0,128,1,0,0,54447,443,0,1,0,0,0
1494,0.0,128,1,0,0,54447,443,0,1,0,0,0
1494,0.0,128,1,0,0,54447,443,0,1,0,0,0
1494,0.0,128,1,0,0,54447,443,0,1,0,0,0
620,0.0,128,1,0,0,54447,443,0,1,0,0,0
1494,0.000177,128,1,0,0,54447,443,0,1,0,0,0
1494,0.0,128,1,0,0,54447,443,0,1,0,0,0
1494,0.0,128,1,0,0,54447,443,0,1,0,0,0
1142,0.0,128,1,0,0,54447,443,0,1,0,0,0
72,0.028995,128,0,1,0,56461,443,0,0,0,0,0
68,0.027293,60,0,1,0,443,56461,0,0,0,0,0
54,0.162419,100,1,0,0,443,54447,0,1,0,0,0
54,0.0,100,1,0,0,443,54447,0,1,0,0,0
54,0.0,100,1,0,0,443,54447,0,1,0,0,0
54,0.0,100,1,0,0,443,54447,0,1,0,0,0
54,0.0,100,1,0,0,443,54447,0,1,0,0,0
54,0.0,100,1,0,0,443,54447,0,1,0,0,0
54,0.0,100,1,0,0,443,54447,0,1,0,0,0
54,0.0,100,1,0,0,443,54447,0,1,0,0,0
153,0.000662,100,1,0,0,443,54447,0,1,0,0,0
54,0.040759,128,1,0,0,54447,443,0,1,0,0,0
60,0.123939,0,0,0,0,0,0,0,0,0,0,0
213,0.40905,1,0,1,0,58541,1900,0,0,0,0,0
60,0.612891,0,0,0,0,0,0,0,0,0,0,0
90,0.604805,128,1,0,0,61934,443,0,1,0,0,0
